ACCELEROMETER X (m/s²),ACCELEROMETER Y (m/s²),ACCELEROMETER Z (m/s²),GRAVITY X (m/s²),GRAVITY Y (m/s²),GRAVITY Z (m/s²),LINEAR ACCELERATION X (m/s²),LINEAR ACCELERATION Y (m/s²),LINEAR ACCELERATION Z (m/s²),GYROSCOPE X (rad/s),GYROSCOPE Y (rad/s),GYROSCOPE Z (rad/s),Time since start in ms ,YYYY-MO-DD HH-MI-SS_SSS
0.182,0.0168,9.0908,-0.1554,0.7263,9.7785,0.4256,-0.0683,-0.7762,-0.6872,0.5162,-1.0085,12,2021-05-12 22:04:24:074
-0.7422,2.5211,8.2313,-1.953,0.7603,9.5801,0.9963,1.6111,-1.3771,0.5705,-0.7648,-1.4728,511,2021-05-12 22:04:24:573
-4.3335,6.6535,6.5888,-2.4277,6.8314,6.6037,-1.9058,-0.1779,-0.0149,0.7361,-1.4685,-0.8931,1011,2021-05-12 22:04:25:073
-4.1132,1.7119,1.4246,-8.7826,3.4536,2.6663,4.6694,-1.7417,-1.2417,0.3048,2.386,-0.3616,1511,2021-05-12 22:04:25:573
-3.0406,9.4236,-1.1732,-6.1376,7.5628,-1.1416,1.0895,-6.2743,-11.3483,0.8289,-0.5864,1.9413,2011,2021-05-12 22:04:26:073
-4.3862,10.5967,-0.5339,-3.4767,9.0546,-1.448,-0.2439,-1.0851,2.277,-0.7459,-1.3769,-1.1545,2511,2021-05-12 22:04:26:573
-3.7445,7.8051,-0.4477,-5.3476,8.0296,-1.7604,1.7238,-0.0417,0.608,-0.3012,0.2114,0.0391,3011,2021-05-12 22:04:27:073
-0.4477,10.2999,-2.9688,-1.2809,9.6433,-1.2398,-3.4884,-2.042,-1.2027,-0.1979,-0.1374,0.3164,3511,2021-05-12 22:04:27:573
1.0271,8.6622,-1.4174,-0.3462,9.7852,-0.5484,1.3733,-1.123,-0.869,-0.2388,0.1289,0.2248,4011,2021-05-12 22:04:28:073
-1.549,10.3693,1.1708,-1.3019,9.6823,0.8536,-0.2472,0.687,0.3172,0.1655,0.0379,1.022,4511,2021-05-12 22:04:28:573
0.2514,8.6311,2.6983,0.8163,9.6791,1.3488,-0.8446,-0.9875,1.1326,0.1368,-0.5186,0.3671,5011,2021-05-12 22:04:29:073
3.3854,5.9807,8.8274,5.9697,6.073,4.8634,-2.5178,-0.4669,4.3833,-0.0764,-1.055,0.8473,5511,2021-05-12 22:04:29:573
8.2624,7.4484,3.7852,7.0444,5.7047,3.742,0.7101,-0.9359,2.2162,-0.4062,-0.4814,0.3934,6011,2021-05-12 22:04:30:073
8.5401,5.8275,3.9696,7.2575,5.1036,4.1776,0.3465,1.5499,-0.402,-0.1454,-0.5748,-0.201,6512,2021-05-12 22:04:30:574
13.6733,7.6351,5.3271,6.9945,4.894,4.8266,0.236,-2.5836,-0.316,0.0892,-0.1545,0.0861,7011,2021-05-12 22:04:31:073
9.481,2.3703,6.3686,7.4774,3.1774,5.4921,-0.8934,-1.1149,-1.0391,-0.4423,-0.6188,0.5822,7511,2021-05-12 22:04:31:573
9.979,1.6879,7.027,7.8087,1.9296,5.61,0.6945,0.5293,1.3656,0.2046,0.6506,-0.4233,8011,2021-05-12 22:04:32:073
1.7765,2.9544,3.2848,6.0946,4.0852,6.5067,-2.9223,-0.6065,-2.7909,-0.1289,-0.036,0.0195,8511,2021-05-12 22:04:32:573
9.1123,1.1827,8.7101,7.6028,1.1643,6.0838,1.5001,-0.019,2.6454,-0.0489,-0.1393,-0.135,9011,2021-05-12 22:04:33:073
4.1875,3.3088,4.9153,6.5422,3.2351,6.5501,-0.4286,0.176,0.0175,0.4606,-0.0244,-0.5333,9511,2021-05-12 22:04:33:573
8.8609,1.5514,7.3502,7.1085,1.4942,6.5883,2.746,1.4291,2.7754,-0.328,-0.3958,0.4484,10011,2021-05-12 22:04:34:073
7.1467,3.8714,6.8067,6.7324,2.257,6.7639,0.2063,0.7831,0.2725,0.5253,0.3439,-0.4966,10511,2021-05-12 22:04:34:573
8.4467,3.4524,8.078,7.0171,2.4505,6.3974,1.6144,0.7594,1.5791,-0.6567,-0.2132,0.7648,11011,2021-05-12 22:04:35:073
7.3023,1.5634,6.7708,7.028,2.0593,6.5221,0.8288,-0.3264,0.8503,0.2682,0.2682,-0.5278,11511,2021-05-12 22:04:35:573
2.8898,2.8922,3.1268,6.1807,3.1967,6.9102,-3.0328,-0.3636,-3.7171,-0.5705,-0.1179,0.4502,12011,2021-05-12 22:04:36:073
9.1099,2.7845,8.5497,6.8022,1.2906,6.9451,2.7366,0.1749,1.8967,0.3604,-0.2724,-0.2419,12510,2021-05-12 22:04:36:572
2.2051,2.4852,3.3662,5.942,3.9321,6.7381,-3.8326,-2.6218,-3.9662,0.3848,0.8118,-0.1833,13011,2021-05-12 22:04:37:073
8.7963,0.9361,8.8226,7.4022,1.723,6.1975,1.9624,-0.4212,1.644,0.0947,-0.1796,0.1814,13512,2021-05-12 22:04:37:574
7.106,3.8331,5.1164,6.4522,3.8443,6.3056,-1.1073,0.1537,-0.4945,0.4661,0.7495,-0.5015,14011,2021-05-12 22:04:38:073
8.6479,2.6959,9.7205,6.612,2.2737,6.8762,2.111,0.662,2.6988,-0.5724,0.2034,0.5748,14511,2021-05-12 22:04:38:573
7.4196,3.6823,7.3334,6.4464,3.0129,6.7481,0.8009,1.0369,0.5981,0.562,0.2431,-0.4508,15011,2021-05-12 22:04:39:073
8.6503,2.0997,7.525,6.2644,3.4495,6.7104,2.0917,-1.1437,0.9954,-0.8045,-1.4007,0.3415,15511,2021-05-12 22:04:39:573
7.2018,1.913,6.857,7.3452,1.8702,6.2226,0.5365,0.0547,1.2592,0.3824,0.3372,-0.2572,16011,2021-05-12 22:04:40:073
2.0782,3.4548,2.8611,6.3051,4.157,6.2558,-4.2126,-1.102,-3.6126,-0.014,-0.4734,0.091,16511,2021-05-12 22:04:40:573
11.7771,0.395,7.7548,7.5992,1.9265,5.8916,3.607,-0.0139,1.2858,0.0733,0.0874,-0.1326,17011,2021-05-12 22:04:41:073
2.7198,1.652,2.4852,6.2217,4.293,6.2475,-3.6187,-2.648,-3.6388,0.4178,0.1875,-0.4313,17511,2021-05-12 22:04:41:573
9.3422,3.0191,8.2672,7.0865,1.9101,6.5041,2.4376,1.9063,1.9618,-0.1344,-0.5492,-0.0452,18012,2021-05-12 22:04:42:074
6.7636,3.3112,5.9209,6.4114,4.0392,6.2249,0.0439,0.2853,-1.1427,0.4533,-0.0391,-0.6255,18511,2021-05-12 22:04:42:573
8.1403,3.8283,9.4858,7.015,2.3336,6.4431,-0.0526,1.2013,2.7672,-0.427,1.0342,0.5192,19011,2021-05-12 22:04:43:073
7.501,1.9992,6.4979,6.0076,3.1503,7.082,1.4428,-0.0323,0.4021,0.4771,-0.0214,-0.3922,19511,2021-05-12 22:04:43:573
8.5712,1.3862,8.5784,6.371,2.8358,6.8948,-0.1184,1.3332,-0.0412,-0.7385,-0.2816,0.4325,20011,2021-05-12 22:04:44:073
6.7612,1.4198,7.4148,6.6038,2.3145,6.8705,0.519,0.592,0.1637,0.4679,0.3885,-0.2841,20511,2021-05-12 22:04:44:573
3.5889,2.2625,4.5155,5.9135,3.8897,6.7876,-2.0339,-1.4134,-1.3436,-0.562,-1.0574,0.5516,21011,2021-05-12 22:04:45:073
11.0923,1.1205,7.7117,7.0659,1.5569,6.6196,2.6706,1.0394,2.302,0.1729,0.6176,-0.2077,21511,2021-05-12 22:04:45:573
2.0686,1.1444,2.6647,5.6655,4.1214,6.862,-3.5727,-3.0127,-4.1956,0.6359,-0.3574,-0.124,22011,2021-05-12 22:04:46:073
9.3565,3.2274,8.0565,7.2462,1.5232,6.4299,5.1175,-0.453,4.3895,-0.259,-0.7227,-0.1594,22511,2021-05-12 22:04:46:573
4.7573,3.3064,4.6902,6.1003,3.7166,6.7189,-1.5202,-0.2594,-1.1404,0.4771,1.1796,-0.6164,23011,2021-05-12 22:04:47:073
11.0181,0.6608,6.8283,7.3942,2.3498,5.9979,2.9904,1.2481,3.125,-0.3519,1.1655,0.496,23511,2021-05-12 22:04:47:573
8.0828,3.0287,4.5442,7.0431,2.6964,6.2686,2.625,-0.8432,1.3736,0.3684,-1.507,-0.3812,24011,2021-05-12 22:04:48:073
8.7915,4.6519,6.4141,6.6173,3.3033,6.4397,1.9884,1.3787,0.1551,-0.9646,-2.2376,0.3714,24511,2021-05-12 22:04:48:573
8.26,1.9297,6.45,7.1701,2.1201,6.3454,-0.3575,0.4882,1.2019,0.1326,0.5938,-0.4013,25011,2021-05-12 22:04:49:073
0.9098,1.1923,2.3128,6.1837,4.1996,6.3478,-5.4008,-3.6921,-3.7645,-0.7104,1.1197,0.6158,25511,2021-05-12 22:04:49:573
9.3589,1.3862,10.8266,6.8432,1.5581,6.8494,3.1598,-1.6994,1.0898,-0.0403,-0.2004,-0.1173,26011,2021-05-12 22:04:50:073
3.4069,2.6217,4.0582,5.6053,3.6681,7.1621,-2.8707,-1.999,-2.8553,0.2285,-0.4362,-0.3885,26511,2021-05-12 22:04:50:573
9.007,3.3662,8.1451,6.8706,1.8539,6.7475,0.1779,0.332,2.4128,-0.2425,0.2847,0.3732,27011,2021-05-12 22:04:51:073
6.9121,2.5019,7.3119,6.773,2.5098,6.6331,-0.2549,-0.116,-0.122,0.2309,0.6347,-0.3372,27511,2021-05-12 22:04:51:573
0.2825,1.1899,6.2201,4.1233,3.9606,7.9676,-1.2172,-0.0372,-2.3797,0.0684,-0.1753,-0.077,28011,2021-05-12 22:04:52:073
9.2057,1.5371,7.853,7.038,1.5632,6.6478,2.2561,-0.0955,1.1293,0.1735,0.3286,-0.2193,28512,2021-05-12 22:04:52:574
1.5443,1.4126,2.9042,5.6189,4.0481,6.9434,-3.2038,-1.6676,-3.1193,-0.0269,0.6408,-0.171,29012,2021-05-12 22:04:53:074
8.825,2.9066,9.1866,6.593,1.5151,7.0998,3.6629,1.2203,1.9908,-0.0403,-1.565,-0.2242,29511,2021-05-12 22:04:53:573
7.0222,3.3639,7.7381,5.9262,3.0477,7.1946,0.0132,0.0645,1.2495,0.6261,-0.4765,-0.5718,30011,2021-05-12 22:04:54:073
8.6479,2.0327,8.4276,5.8459,2.5917,7.435,1.0603,-2.2377,1.1777,-0.7007,-0.1759,0.4881,30511,2021-05-12 22:04:54:573
4.4484,2.8683,8.9519,6.0039,2.1289,7.456,-1.4489,1.0322,1.3348,0.3067,-0.4465,-0.2388,31011,2021-05-12 22:04:55:073
1.7166,4.0869,3.2705,5.7818,3.7428,6.9808,-4.4634,-2.9068,-4.6791,-0.171,-0.5767,0.3989,31511,2021-05-12 22:04:55:573
9.3278,1.6903,8.9232,6.7685,1.5763,6.9191,2.8538,-0.6162,1.9562,0.0159,0.1344,-0.1155,32012,2021-05-12 22:04:56:074
5.138,3.6224,7.5322,4.5696,3.5455,7.9195,0.439,-0.4594,-0.6722,0.5266,0.6041,-0.4563,32511,2021-05-12 22:04:56:573
3.1196,8.6814,1.3288,-0.8255,9.7582,-0.5155,-1.291,-1.3546,0.4796,1.7532,0.303,-0.5003,33011,2021-05-12 22:04:57:073
-2.4756,8.4539,-3.0694,-1.8718,9.2821,-2.5513,-0.6038,-0.8282,-0.5181,-0.3519,0.0861,-0.4954,33511,2021-05-12 22:04:57:573
-1.0367,9.4978,-1.3096,-1.346,9.5704,-1.6634,1.0084,-0.2162,-0.2184,-0.4478,-0.0696,0.4239,34011,2021-05-12 22:04:58:073
0.0694,9.9982,-0.3807,-0.22,9.7808,-0.6761,-0.0266,-0.3668,-0.1164,-0.2321,-0.2474,0.0745,34511,2021-05-12 22:04:58:573
-0.1125,9.8689,-0.2897,0.1499,9.7996,-0.3405,-0.1762,0.0358,-0.1048,0.0483,-0.1136,0.0702,35011,2021-05-12 22:04:59:073
0.2777,9.8641,-0.5531,0.474,9.7679,-0.7301,0.0887,-0.0475,-0.072,0.0641,-0.1326,0.1008,35511,2021-05-12 22:04:59:573
0.5148,9.7229,-1.1157,0.5426,9.7411,-0.993,-0.0638,-0.0136,-0.3496,-0.0281,0.0147,-0.0189,36011,2021-05-12 22:05:00:073
-0.0024,9.6079,-1.0726,0.3951,9.742,-1.0529,-0.3975,-0.134,-0.0197,0.0012,0.091,0.0593,36511,2021-05-12 22:05:00:573
0.565,9.7061,-0.7709,0.5841,9.7414,-0.9663,0.0882,0.0137,0.3576,-0.1338,0.0904,-0.0299,37011,2021-05-12 22:05:01:073
0.237,9.742,-0.2538,0.4211,9.7869,-0.4584,-0.1576,-0.0465,0.1935,-0.0122,0.0379,-0.0421,37511,2021-05-12 22:05:01:573
0.5219,10.0413,0.2897,-0.036,9.8048,-0.185,0.2096,-0.3116,0.0434,0.3335,-0.2627,-0.3745,38011,2021-05-12 22:05:02:073
-8.655,8.3701,-3.1699,-2.2008,9.2409,-2.4357,-1.3805,-1.2129,-1.1161,0.5241,-0.5779,-0.8882,38511,2021-05-12 22:05:02:573
-4.877,7.0581,-2.3343,-5.301,7.9359,-2.2567,-3.0611,1.5689,1.7106,1.2205,-0.5388,-0.135,39011,2021-05-12 22:05:03:073
-6.5027,14.2814,-3.2298,-4.8014,8.3209,-1.9697,5.5836,8.3347,-4.8252,-0.0519,-2.7715,2.1472,39511,2021-05-12 22:05:03:573
-5.454,6.5936,-0.8523,-6.283,7.3251,-1.7426,1.6578,-2.3797,-0.2973,0.0324,-0.1857,0.482,40012,2021-05-12 22:05:04:074
-4.1803,7.0749,6.0262,-6.2109,7.2283,2.3122,-3.2965,-0.6658,-1.3569,0.6402,-1.1454,1.6823,40510,2021-05-12 22:05:04:572
-5.5545,5.5665,7.1132,-4.5769,3.001,8.1373,0.6415,-0.7878,-0.5892,0.1051,-1.4184,-0.9835,41011,2021-05-12 22:05:05:073
1.1181,1.7095,3.2633,-3.3462,2.0518,8.9868,1.7477,-2.3966,-4.8615,-0.832,1.898,6.2052,41511,2021-05-12 22:05:05:573
-0.8954,-2.0159,8.5545,1.7928,-0.6819,9.6172,-2.5387,-1.5466,-1.1021,0.1594,0.0281,0.504,42011,2021-05-12 22:05:06:073
-1.6759,2.7797,8.0302,-0.2498,1.642,9.665,-0.2171,-0.2366,0.0483,0.5211,0.2523,0.1839,42511,2021-05-12 22:05:06:573
0.6752,0.9313,10.3741,0.4282,0.7271,9.7703,-0.201,-0.3221,-0.0294,-0.1619,-0.0476,0.1197,43011,2021-05-12 22:05:07:073
-0.1006,1.4988,9.1435,0.2504,1.0081,9.7515,0.5708,-0.2588,0.1366,-0.3201,-0.4447,-0.0098,43512,2021-05-12 22:05:07:574
0.7422,0.8308,10.1155,0.5035,0.8681,9.7552,0.2387,-0.0373,0.3603,0.0391,0.0525,-0.0269,44011,2021-05-12 22:05:08:073
0.5962,0.7853,10.0365,0.5808,0.9211,9.746,0.3227,-0.0604,0.1944,-0.0458,0.0214,0.0373,44511,2021-05-12 22:05:08:573
0.7949,1.221,9.9479,0.4944,1.0191,9.741,0.3005,0.2019,0.2069,-0.0452,0.0214,-0.0544,45011,2021-05-12 22:05:09:073
0.5076,0.723,9.7803,0.4622,0.8057,9.7626,-0.0466,-0.1593,0.2015,0.0538,-0.0428,0.0055,45511,2021-05-12 22:05:09:573
0.6345,0.8284,9.742,0.5466,0.8195,9.757,-0.1393,0.0173,0.231,0,-0.0092,0.0104,46011,2021-05-12 22:05:10:073
0.7661,1.0415,9.7851,0.4541,0.9301,9.7519,0.1564,-0.0442,-0.2206,-0.0098,-0.1619,-0.0507,46511,2021-05-12 22:05:10:573
1.0894,1.2857,9.6845,0.9714,1.1423,9.6913,0.0736,-0.0374,0.404,0.146,-0.223,-0.1399,47011,2021-05-12 22:05:11:073
-4.051,5.9089,9.0429,-3.9375,5.706,6.936,-0.7242,-0.9745,4.477,1.5577,-0.5345,-1.2865,26,2021-05-13 20:24:27:288
-6.9408,4.6376,4.3455,-6.9288,6.1089,3.2929,-2.1945,-0.3539,-0.8684,1.2755,1.2578,-0.3293,525,2021-05-13 20:24:27:787
-8.734,5.7078,0.7973,-8.0973,5.4023,1.1915,-0.8283,0.3198,-1.0023,-0.1888,0.3519,-0.1643,1026,2021-05-13 20:24:28:288
-10.5034,8.2815,-7.015,-7.8306,5.9009,-0.1757,4.0668,0.7419,-4.9337,-1.0928,-2.2926,1.5553,1525,2021-05-13 20:24:28:787
-3.553,-1.7741,-2.0279,-2.5585,9.4487,0.5884,-0.9945,-11.2228,-2.6163,0.1191,-0.5675,0.4105,2025,2021-05-13 20:24:29:287
-5.0853,8.9304,2.4588,-0.9875,9.6971,1.0775,-4.0978,-0.7668,1.3814,0.5241,-0.9713,1.5162,2525,2021-05-13 20:24:29:787
0.4453,9.9695,1.0511,1.0793,9.734,-0.504,-0.5774,0.2233,1.422,0.7159,0.3684,0.2309,3026,2021-05-13 20:24:30:288
0.838,10.8002,-4.3694,1.6462,9.4215,-2.1671,-0.8082,1.3788,-2.2023,-2.4441,-0.6243,-0.4417,3525,2021-05-13 20:24:30:787
1.233,9.7205,1.2019,1.3127,9.7033,0.5411,0.1895,-0.1471,0.8701,0.0446,-0.0238,-0.0238,4025,2021-05-13 20:24:31:287
1.6903,10.2185,-0.3903,1.2425,9.6987,-0.7494,0.63,-0.3587,0.0363,1.664,0.5974,-0.0874,4525,2021-05-13 20:24:31:787
0.7709,8.2337,-4.0917,0.8881,9.1651,-3.3739,0.4855,-0.7437,-1.1857,0.711,-0.3946,0.0043,5025,2021-05-13 20:24:32:287
3.2992,7.9918,-6.6774,4.633,6.254,-5.966,0.1804,-0.8747,-1.001,0.3952,0.8149,0.9951,5525,2021-05-13 20:24:32:787
4.9129,5.6934,-1.3144,6.922,5.2354,-4.5658,-2.2521,-0.0488,2.0533,-2.0476,0.8296,-1.865,6025,2021-05-13 20:24:33:287
2.5235,5.5498,11.3964,1.9888,5.1981,8.0743,-0.0212,0.1334,0.4243,-1.1802,0.2205,0.234,6525,2021-05-13 20:24:33:787
7.7069,2.727,5.9855,6.6933,3.8231,6.0625,0.8089,-1.0024,0.0966,0.2126,-0.5718,0.0959,7025,2021-05-13 20:24:34:287
6.4236,2.4134,5.5186,6.9779,3.1909,6.1072,-0.5374,-0.6315,-1.0483,-0.2187,0.463,-0.0373,7526,2021-05-13 20:24:34:788
0.1724,3.5458,10.5345,3.2864,2.6018,8.8657,0.5204,-1.7734,1.3336,0.0373,1.1949,-0.2443,8025,2021-05-13 20:24:35:287
0.7111,-0.0934,9.3206,1.7189,2.1765,9.4063,-1.1135,-1.6407,-0.1897,-0.9065,-0.3085,0.1979,8525,2021-05-13 20:24:35:787
1.719,-1.4724,11.7914,1.7855,-0.3958,9.6346,-0.0665,-1.0767,2.1568,0.4704,0.2334,-0.033,9026,2021-05-13 20:24:36:288
0.5315,2.0303,5.2218,1.4271,2.1134,9.4693,-0.4104,0.2073,-3.2201,0.2419,0.1008,-0.0037,9525,2021-05-13 20:24:36:787
1.494,-0.996,11.315,1.4529,-0.3885,9.6906,0.9997,-0.0647,1.6889,-0.5883,0.0037,0.1075,10026,2021-05-13 20:24:37:288
0.5387,1.0463,9.7205,1.2705,1.003,9.6721,-0.5361,-0.0448,-0.2874,0.7776,0.2065,-0.0568,10525,2021-05-13 20:24:37:787
1.0822,-0.1484,10.6781,1.0802,0.1671,9.7455,1.6071,-1.6564,0.033,-0.8968,0.0165,0.1277,11025,2021-05-13 20:24:38:287
1.087,-0.3448,10.0628,1.3106,-0.06,9.7185,0.5409,-0.3538,0.9937,0.7153,0.0831,-0.1405,11525,2021-05-13 20:24:38:787
1.2139,-0.0862,6.5122,0.9096,1.7414,9.6078,-0.6357,-0.2848,-4.3582,-0.5834,-0.0153,0.0874,12025,2021-05-13 20:24:39:287
1.664,-1.822,13.9558,1.0865,-1.3629,9.6505,0.1569,0.0151,5.0148,0.0654,-0.0635,-0.1655,12525,2021-05-13 20:24:39:787
0.2753,1.075,7.0078,0.5879,1.4814,9.6763,-0.4317,-0.8214,-5.3089,0.0067,-0.2101,-0.0299,13025,2021-05-13 20:24:40:287
-0.0934,-0.6249,12.7755,0.7087,-1.1265,9.7159,1.8268,0.5351,1.7738,-0.4875,-0.3855,0.0122,13525,2021-05-13 20:24:40:787
0.103,-0.3926,8.4228,0.3763,1.0165,9.7466,-0.0563,1.6431,0.674,0.8283,0.193,-0.0092,14025,2021-05-13 20:24:41:287
0.8308,-0.5866,12.615,0.6807,-0.2328,9.7802,0.7819,-0.8441,2.9156,-0.8619,0.0702,0.1448,14525,2021-05-13 20:24:41:787
-0.8882,0.1652,9.7229,0.5457,0.0619,9.7913,-1.4215,-0.0884,-0.066,0.8424,-0.047,-0.1747,15025,2021-05-13 20:24:42:287
-0.7159,0.8978,8.904,0.4864,0.2986,9.79,-1.2922,0.0669,-0.8503,-1.0299,-0.2272,-0.066,15526,2021-05-13 20:24:42:788
1.166,-2.5163,11.0708,0.8445,-0.9547,9.7235,1.1507,1.8341,2.9975,0.6958,0.1032,-0.1026,16025,2021-05-13 20:24:43:287
-0.0766,0.9768,3.8906,0.474,1.8662,9.6158,0.3828,-2.2242,-6.0117,0.2853,0.1081,0.0385,16525,2021-05-13 20:24:43:787
0.4932,-3.3758,11.6669,0.4794,-1.4904,9.6809,0.5627,-1.4108,2.5121,-0.1411,-0.3262,-0.0849,17026,2021-05-13 20:24:44:288
-0.237,0.0575,5.0949,0.2461,1.2629,9.7219,1.0204,1.0901,0.9485,1.0305,0.0709,0.0305,17526,2021-05-13 20:24:44:788
0.814,-0.6273,12.5241,0.6237,-0.3043,9.7821,-0.6692,-0.4068,4.54,-0.8509,0.1118,0.1173,18026,2021-05-13 20:24:45:288
-1.7454,-0.2442,9.675,0.5839,0.2429,9.7862,0.12,-1.0808,-0.4129,0.7068,0.2828,-0.0525,18525,2021-05-13 20:24:45:787
2.5211,-0.9385,9.0237,0.9617,1.0698,9.7006,1.2096,-0.4082,0.2012,-0.8509,0.0342,0.091,19025,2021-05-13 20:24:46:287
-1.245,-0.431,11.7483,0.4849,-0.6669,9.7719,-1.8171,0.5334,2.006,0.2896,-0.055,0.0843,19525,2021-05-13 20:24:46:787
-1.3982,2.0686,3.8283,0.611,1.8702,9.6073,0.6994,-1.5475,-4.2167,-0.3433,-0.4227,0,20025,2021-05-13 20:24:47:287
1.0558,-1.1779,11.394,1.1437,-1.2745,9.656,-0.4263,-0.9584,2.6579,-0.3586,-0.2004,-0.0678,20525,2021-05-13 20:24:47:787
1.9513,0.1915,10.6662,0.7964,0.8036,9.7412,-1.1109,0.4869,1.0335,0.807,0.2291,0.025,21025,2021-05-13 20:24:48:287
4.7573,0.9026,12.0787,1.1236,-0.06,9.7419,0.207,-2.1613,3.2868,-0.9163,0.2138,0.0959,21525,2021-05-13 20:24:48:787
1.8531,0.6416,12.7204,0.9913,-0.0183,9.7564,-0.227,-0.7354,0.1417,0.7275,0.2401,-0.0556,22026,2021-05-13 20:24:49:288
0.0168,1.1756,7.4819,0.7163,1.1563,9.7119,0.155,-0.9146,-5.0962,-0.7275,0.0446,0.0538,22525,2021-05-13 20:24:49:787
2.0399,0.5483,13.0963,0.046,-0.6036,9.7879,1.7059,1.4143,3.3337,0.1319,0.3916,0.1179,23025,2021-05-13 20:24:50:287
-0.0072,-0.9553,5.2481,-0.1451,1.6869,9.6594,1.2385,-2.8051,-6.3156,-0.0935,-0.3965,-0.1093,23526,2021-05-13 20:24:50:788
3.0143,-0.7805,11.8681,1.2906,-0.8892,9.6806,0.2161,0.247,3.2399,-0.2407,-0.2138,-0.0672,24025,2021-05-13 20:24:51:287
1.4269,1.8172,12.1697,-0.3191,0.453,9.791,1.2974,1.4461,2.8887,0.4905,0.9475,0.2138,24525,2021-05-13 20:24:51:787
-0.2634,-1.0918,10.7787,0.8968,0.6837,9.7416,-0.4552,0.9008,-0.847,-0.8882,-0.471,0.0825,25025,2021-05-13 20:24:52:287
1.2019,0.5339,11.9447,0.7773,0.0459,9.7757,-0.7719,-1.245,-0.2821,0.4435,0.0214,0.0049,25525,2021-05-13 20:24:52:787
0.51,1.8794,4.5107,1.177,1.9572,9.537,-0.6622,-0.226,-4.9953,-0.3659,-0.0812,0.1313,26025,2021-05-13 20:24:53:287
-0.2682,-0.5339,11.9758,1.1252,-0.996,9.6908,-0.0666,-0.5908,3.0819,0.2016,0.248,0.069,26525,2021-05-13 20:24:53:787
0.9912,0.4693,10.7308,0.3539,0.59,9.7825,-0.1816,2.3126,-1.3244,0.7508,0.1142,-0.0947,27025,2021-05-13 20:24:54:287
1.9728,-0.6057,11.0875,0.6486,0.4387,9.7753,0.9883,-0.6722,2.6307,-0.8754,-0.0568,0.0977,27525,2021-05-13 20:24:54:787
1.7358,-0.9625,11.0852,1.1394,-0.8466,9.7034,2.0788,-0.4385,2.2446,0.4246,-0.0971,-0.066,28025,2021-05-13 20:24:55:287
-0.1676,1.7071,4.9249,0.4988,2.0661,9.5736,-1.4445,0.297,-5.6063,0.3708,-0.2981,-0.0623,28525,2021-05-13 20:24:55:787
1.0223,-1.0199,13.1681,0.5494,-0.8131,9.7574,1.1457,-1.4063,2.2016,-0.3714,-0.0519,-0.1423,29025,2021-05-13 20:24:56:287
-1.8938,-0.3831,12.0093,-0.0956,0.2407,9.8032,0.9361,-0.2559,0.8167,0.6316,0.4019,0.0617,29525,2021-05-13 20:24:56:787
0.814,0.7781,5.205,0.061,2.2375,9.5478,2.0527,0.4601,1.1316,-0.6836,-0.2627,0.0421,30026,2021-05-13 20:24:57:288
1.8244,-1.494,13.4865,0.9654,-0.7755,9.7282,-0.3324,0.0398,2.7309,0.1008,0.2156,-0.1387,30525,2021-05-13 20:24:57:787
-1.8148,1.9752,11.3605,-0.9016,0.9541,9.7184,0.7877,-0.1455,0.9269,0.5498,0.0464,0.0336,31025,2021-05-13 20:24:58:287
1.7669,-1.3072,10.556,0.7732,1.1098,9.7129,-0.1618,0.3866,-0.2656,-0.8015,0.0452,0.1497,31525,2021-05-13 20:24:58:787
0.8763,-0.0622,11.0923,0.9434,0.0161,9.7612,0.9672,-0.0278,1.8849,0.5119,-0.1759,-0.0513,32025,2021-05-13 20:24:59:287
0.419,3.4189,3.3998,1.1906,2.6862,9.3561,1.0951,-0.8517,-4.6552,-0.0086,-0.4007,-0.0079,32526,2021-05-13 20:24:59:788
2.6049,-1.2785,12.1913,1.7597,-0.3046,9.6427,0.007,0.2567,1.5506,-0.2877,0.1002,0.0415,33025,2021-05-13 20:25:00:287
2.6193,0.3903,9.426,2.2139,0.2579,9.55,-0.277,0.1037,0.8887,0.7477,-0.2669,-0.0702,33525,2021-05-13 20:25:00:787
2.2625,3.2729,3.9983,1.6049,2.9124,9.2256,0.6782,0.388,-5.2395,-0.2224,0.6384,0.0519,34025,2021-05-13 20:25:01:287
3.2729,-0.1197,11.4515,1.7378,0.0056,9.6515,1.4926,0.0191,1.8088,-0.4239,0.0446,0.0611,34525,2021-05-13 20:25:01:787
0.7422,3.644,9.2656,2.0903,-0.278,9.5773,-1.1051,-0.9491,-0.4685,0.1625,0.5119,0.0037,35025,2021-05-13 20:25:02:287
0.3472,3.5506,9.7276,0.7595,2.8148,9.3633,0.0868,-0.4993,-1.7549,0.843,-0.1442,-0.1503,35525,2021-05-13 20:25:02:787
0.5291,3.9456,7.5058,2.3268,4.8447,8.2027,-1.3867,-1.2337,-2.275,0.5437,0.1668,-0.0116,36025,2021-05-13 20:25:03:287
2.9233,8.8514,10.6542,1.4265,6.2736,7.4012,-1.3642,-0.7884,2.075,0.8351,-0.8149,-0.1362,36525,2021-05-13 20:25:03:787
3.304,5.2098,-6.6128,3.5479,7.6261,-5.0424,-0.2439,-2.4163,-1.5704,3.9902,0.8289,0.6732,37025,2021-05-13 20:25:04:287
1.5251,11.7196,-5.1763,1.2006,7.8452,-5.7604,-1.6344,-1.6551,0.8768,-0.9658,0.5663,-0.3922,37525,2021-05-13 20:25:04:787
0.2011,9.153,-3.7637,0.7193,9.1064,-3.5673,-0.2956,0.1723,-0.7444,-0.3128,0.2584,-0.2602,38025,2021-05-13 20:25:05:287
1.0319,9.5217,-2.2529,0.944,9.519,-2.1604,0.0836,-0.0267,-0.2285,-0.5027,-0.2169,0.0629,38526,2021-05-13 20:25:05:788
0.6321,9.7157,1.9896,0.5313,9.7654,0.7244,-1.1442,0.5344,0.7122,-0.1894,0.2224,-0.0806,39025,2021-05-13 20:25:06:287
1.1277,9.9862,1.5347,0.963,9.656,1.4156,-1.3244,0.4326,-0.1509,-0.0092,-0.204,0.2957,39525,2021-05-13 20:25:06:787
2.2458,10.6231,-0.8428,2.1711,9.5046,-1.0577,0.5141,0.4242,-0.4152,0.8277,-0.3965,0.1093,40025,2021-05-13 20:25:07:287
2.2194,11.3054,1.3048,2.1321,9.4563,-1.4843,0.2506,1.7727,2.4973,-0.4862,0.1423,-0.361,40525,2021-05-13 20:25:07:787
0.237,9.754,1.7645,1.0234,9.6558,1.3744,-0.6234,-0.2145,0.2274,-0.2847,-0.0513,-0.011,41025,2021-05-13 20:25:08:287
0.6488,10.2232,1.1636,0.9995,9.6898,1.1308,-0.3283,0.4887,0.4899,1.339,0.5583,0.3195,41525,2021-05-13 20:25:08:787
1.482,10.9822,3.1603,2.1665,9.4315,-1.5886,0.4264,0.513,-2.9013,0.5803,0.7019,0.2969,42026,2021-05-13 20:25:09:288
1.5251,9.3637,-0.0814,1.0411,9.7342,-0.5756,1.073,-0.495,0.2763,0.1881,0.526,-0.1393,42525,2021-05-13 20:25:09:787
0.3903,9.4523,-1.1732,0.8754,9.7363,-0.7807,-0.2613,0.3686,-0.6657,-0.2456,0.124,-0.0061,43025,2021-05-13 20:25:10:287
1.7214,10.0389,0.17,1.3049,9.7107,0.4116,0.1348,-0.6474,1.0869,-0.1393,0.2352,0.1167,43525,2021-05-13 20:25:10:787
0.6608,10.4028,-0.3065,1.5743,9.6451,-0.8144,-0.5065,0.1448,-0.3827,0.8913,0.099,0.0605,44025,2021-05-13 20:25:11:287
1.1037,8.0062,-3.7134,1.2098,8.9135,-3.9059,-0.3264,-0.0981,-1.7013,0.4606,-0.1313,-0.0257,44525,2021-05-13 20:25:11:787
1.0008,8.825,-4.5849,1.0679,8.7516,-4.2941,-0.1942,0.0025,0.4313,-0.0605,-0.1429,-0.0385,45025,2021-05-13 20:25:12:287
0.9888,9.3637,-4.8435,1.2282,8.5701,-4.606,-0.2394,0.7936,-0.2375,0.0275,0.1032,-0.0733,45525,2021-05-13 20:25:12:787
1.0654,8.4252,-4.6615,1.2554,8.6364,-4.4729,0.2305,0.1072,-0.1121,-0.0519,-0.0073,0.0134,46025,2021-05-13 20:25:13:287
0.3017,7.9823,-4.6855,1.2918,8.6786,-4.3799,1.0426,-0.1528,0.3313,-0.4594,-0.099,-0.0305,46525,2021-05-13 20:25:13:787
0,9.7875,-2.2601,1.1057,9.3912,-2.5988,-1.3284,0.4059,0.7624,-0.1362,0.1808,0.0825,47025,2021-05-13 20:25:14:287
2.8683,9.505,-0.9792,2.3633,9.2917,-2.0615,3.2409,0.3671,-1.3603,0.0825,-0.5479,0.0501,47525,2021-05-13 20:25:14:787
2.9951,9.5122,-1.8459,2.4097,9.4044,-1.3863,0.8746,-0.5829,0.3692,-1.8576,-0.8369,0.3189,48025,2021-05-13 20:25:15:287
-0.8763,10.2448,1.3886,0.3214,9.7349,1.1398,-0.659,-0.85,0.5745,0.8937,1.1148,-0.0312,48526,2021-05-13 20:25:15:788
1.1612,10.4459,1.8459,0.7425,9.7523,0.7153,0.8276,0.7107,1.0798,0.4801,0.9432,0.3256,49026,2021-05-13 20:25:16:288
2.4565,7.7309,-2.9137,1.7239,9.2531,-2.753,0.7504,-0.9145,0.2493,0.0641,0.4972,-0.4032,49525,2021-05-13 20:25:16:787
2.1524,8.3653,-3.5698,1.513,9.3989,-2.354,0.6506,-1.0333,-1.2075,-0.3341,-0.4991,0.0611,50025,2021-05-13 20:25:17:287
0.2227,9.7468,-0.4238,0.8821,9.7337,-0.804,-0.8947,0.2181,0.1014,-0.3366,0.0336,-0.0391,50525,2021-05-13 20:25:17:787
0.7063,9.9216,1.1372,1.01,9.7314,0.671,-1.0084,-0.0871,0.7351,-0.1497,-0.6542,-0.08,51025,2021-05-13 20:25:18:287
1.6568,9.9144,0.7422,1.5114,9.671,0.5991,0.0109,-0.3083,0.2766,0.0489,0.0348,0.0568,51525,2021-05-13 20:25:18:787
1.585,9.6606,0.7638,1.5235,9.6651,0.659,0.0906,0.0942,0.0515,-0.0305,0.0159,-0.0195,52025,2021-05-13 20:25:19:287
0.9984,10.1011,0.4764,1.1109,9.7128,0.7732,-0.1126,0.3883,-0.2967,-0.1032,0.2572,0.1399,52525,2021-05-13 20:25:19:787
2.5283,8.9136,-1.8172,2.0923,9.4777,-1.4025,0.7018,-0.522,1.5343,1.6842,-0.2016,0.0415,53025,2021-05-13 20:25:20:287
0.7374,10.0341,-2.3128,1.24,9.589,-1.6382,-0.5026,0.4451,-0.6746,-0.3231,0.7727,-0.0715,53525,2021-05-13 20:25:20:787
0.0982,10.2544,0.091,0.6781,9.7744,0.4137,-0.5799,0.4799,-0.3227,-0.35,0.1087,-0.0666,54025,2021-05-13 20:25:21:287
1.3168,10.0748,1.3048,1.1484,9.6813,1.0598,0.5184,-0.3463,0.6016,0.193,-0.5913,0.2749,54525,2021-05-13 20:25:21:787
3.0742,9.2464,-1.1181,2.3518,9.4516,-1.1429,0.4893,-0.6019,0.3608,0.0867,-0.642,-0.022,55026,2021-05-13 20:25:22:288
2.9185,10.9966,-2.1452,1.9904,9.5568,-0.9366,0.8358,-0.4595,1.4061,-0.5351,0.0043,-0.3537,55525,2021-05-13 20:25:22:787
1.8938,9.9431,1.3527,0.9621,9.7025,1.0523,0.8654,0.7712,-0.233,0.0782,-0.7617,-0.2486,56025,2021-05-13 20:25:23:287
-0.3424,9.7205,0.8882,0.2869,9.7758,0.723,-0.6961,-0.2339,0.6071,0.0513,-1.1142,-0.0385,56526,2021-05-13 20:25:23:788
1.9632,9.4188,0.0862,0.8602,9.7652,0.2682,1.103,-0.3464,-0.182,0.4129,-0.2242,0.2022,57025,2021-05-13 20:25:24:287
2.6264,7.2832,0.3663,0.4399,9.6605,-1.6284,0.2861,1.5461,0.5722,0.2902,1.4954,0.1356,57526,2021-05-13 20:25:24:788
3.0071,9.5433,-1.9992,1.7066,9.4963,-1.7543,1.3005,0.047,-0.2449,0.2425,0.2767,0.1924,58025,2021-05-13 20:25:25:287
-0.6033,9.8138,0.5507,1.0946,9.7454,0.0174,-1.2723,-0.7775,0.2646,-0.1283,0.3176,-0.1888,58525,2021-05-13 20:25:25:787
0.2562,10.9894,2.2098,0.2642,9.6755,1.5768,0.308,0.0546,0.4823,-0.2309,1.2999,0.1087,59026,2021-05-13 20:25:26:288
0.6823,10.1921,1.731,0.9989,9.6753,1.2497,0.3678,0.5964,0.1285,0.5797,-0.5424,0.3189,59525,2021-05-13 20:25:26:787
2.1572,6.4093,-2.8778,1.8278,9.3978,-2.1239,1.165,-3.6086,3.1821,0.4026,0.0935,0.1924,60026,2021-05-13 20:25:27:288
1.8651,10.8625,-1.2785,2.1176,9.47,-1.4162,-0.7673,0.5905,-0.7099,-0.9933,0.0544,-0.4557,60525,2021-05-13 20:25:27:787
0.3112,9.9647,2.0494,0.4731,9.7358,1.0771,-2.4036,-0.4653,1.8213,0.1717,-0.0519,-0.2248,61025,2021-05-13 20:25:28:287
-0.1915,9.3613,0.7254,0.4382,9.7247,1.1871,-0.9898,-0.2523,-0.9681,-0.4691,0.0116,-0.5333,61525,2021-05-13 20:25:28:787
-0.3017,9.7252,1.7885,-0.2302,9.7239,1.2499,-0.0715,0.0013,0.5385,-0.2712,0.1778,-0.3311,62025,2021-05-13 20:25:29:287
-0.6225,12.4498,0.8236,-0.7326,9.7764,0.237,0.1101,2.6735,0.5867,0.1161,0.0159,-0.2621,62525,2021-05-13 20:25:29:787
0.7015,0.2322,7.3023,0.1499,6.2288,7.573,0.2347,-0.667,6.7974,-4.0409,0.6048,0.1069,63025,2021-05-13 20:25:30:287
1.0463,-0.4453,10.9295,0.1909,0.5185,9.7911,-0.0361,-1.0143,0.1387,-0.4282,-0.0281,0.6133,63525,2021-05-13 20:25:30:787
-2.5115,-0.9313,10.8745,-0.3127,0.9651,9.754,-2.1989,-1.8965,1.1204,1.1423,-0.1607,0.7489,64025,2021-05-13 20:25:31:287
0.395,1.81,10.1299,-0.0629,1.3875,9.7078,0.458,0.4225,0.4221,0.1258,-0.1014,-0.4594,64525,2021-05-13 20:25:31:787
-0.395,2.5905,9.3685,0.0995,2.5645,9.4649,-0.2629,-0.1415,-0.6672,-0.1625,0.1228,0.1796,65025,2021-05-13 20:25:32:287
-0.1101,2.7174,9.7468,-0.0136,2.355,9.5197,-0.2244,0.1591,0.2804,-0.5809,0.2896,-0.2425,65525,2021-05-13 20:25:32:787
-0.1484,2.3966,9.7085,-0.0056,2.6882,9.431,-0.1429,-0.2916,0.2775,0.5027,-0.2071,0.099,66025,2021-05-13 20:25:33:287
0.8188,4.2114,8.442,1.062,4.2316,8.7827,0.1116,-8.00E-04,-0.1124,-0.0702,0.0764,0.1148,66525,2021-05-13 20:25:33:787
-1.008,4.2282,10.75,-0.0374,3.9722,8.9661,-0.9706,0.256,1.7839,-0.5327,0.1118,-0.1998,67026,2021-05-13 20:25:34:288
-0.0048,3.8068,8.7508,0.1808,3.9677,8.9663,-0.1856,-0.161,-0.2155,0.0073,-0.1784,-0.0098,67525,2021-05-13 20:25:34:787
-9.38,4.52,7.561,-5.396,5.301,6.242,-0.406,-1.157,0.561,2.081,2.732,-2.465,18,2021-05-15 01:53:29:426
-11.325,4.441,1.87,-7.311,5.84,2.935,-4.199,-1.571,-1.172,1.025,0.187,-0.987,518,2021-05-15 01:53:29:926
-8.341,5.665,-0.441,-8.502,4.874,0.364,0.591,0.249,-0.405,0.971,-0.981,2.312,1018,2021-05-15 01:53:30:426
-2.284,9.29,8.234,-1.317,9.715,-0.234,-2.62,1.195,-5.893,-1.529,1.673,2.591,1518,2021-05-15 01:53:30:926
0.467,8.765,-4.69,0.216,9.429,-2.688,0.956,-0.741,-1.388,1.152,0.109,-0.131,2018,2021-05-15 01:53:31:426
-2.813,8.408,-3.12,-0.537,8.964,-3.942,-1.061,-0.019,-0.81,0.442,0.103,0.002,2518,2021-05-15 01:53:31:926
0.828,7.803,-5.167,1.222,7.738,-5.899,0.791,-0.321,-0.665,0.927,1.114,0.654,3018,2021-05-15 01:53:32:426
5.737,4.666,-7.568,5.237,4.629,-6.878,0.829,1.432,-0.079,0.193,0.224,0.837,3519,2021-05-15 01:53:32:927
2.873,12.151,-1.765,0.997,9.667,-1.31,0.299,-0.125,-0.22,-0.531,0.02,-1.918,4018,2021-05-15 01:53:33:426
2.004,9.797,-2.454,0.57,9.475,-2.462,-2.354,1.204,-1.046,0.161,-0.3,0.225,4519,2021-05-15 01:53:33:927
0.723,9.256,-3.342,0.874,9.298,-2.993,0.421,-0.356,-0.686,0.059,0.066,0.015,5018,2021-05-15 01:53:34:426
-0.582,9.309,-2.332,-0.048,9.422,-2.721,-0.284,-0.044,-0.135,-0.042,-0.177,-0.196,5518,2021-05-15 01:53:34:926
0.141,11.497,0.201,-0.457,9.578,-2.057,2.804,-1.444,3.432,-0.513,0.764,-0.374,6018,2021-05-15 01:53:35:426
0.053,8.868,4.271,-0.457,8.507,4.856,0.51,0.361,-0.585,-3.487,-1.83,0.246,6518,2021-05-15 01:53:35:926
1.762,3.859,9.292,1.947,4.72,8.373,-5.395,-2.178,0.984,0.235,0.418,-0.014,7018,2021-05-15 01:53:36:426
2.739,2.073,8.188,3.248,3.783,8.445,-0.396,-1.326,-0.459,-0.698,0.31,0.302,7518,2021-05-15 01:53:36:926
4.664,0.362,12.16,3.294,0.732,9.208,1.556,-0.3,2.598,0.027,0.017,-0.193,8019,2021-05-15 01:53:37:427
1.492,1.623,6.072,2.775,2.841,8.966,0.035,-0.39,-0.653,0.709,0.021,-0.208,8518,2021-05-15 01:53:37:926
3.598,1.106,10.707,2.968,1.484,9.228,1.216,-0.429,2.329,-0.626,0.097,0.209,9018,2021-05-15 01:53:38:426
3.208,0.723,9.725,2.889,2.115,9.13,0.315,-1.196,0.553,0.812,0.073,-0.159,9518,2021-05-15 01:53:38:926
0.845,1.571,5.653,2.329,2.903,9.073,-2.354,-0.9,-3.367,-0.611,-0.017,0.177,10018,2021-05-15 01:53:39:426
3.728,-0.144,13.008,2.597,0.39,9.448,-0.026,0.209,2.264,0.514,-0.065,-0.18,10518,2021-05-15 01:53:39:926
0.979,2.794,4.496,2.034,3.057,9.093,-1.197,-1.074,-4.376,0.199,-0.025,-0.02,11019,2021-05-15 01:53:40:427
2.969,-0.84,11.284,2.723,0.37,9.414,0.272,-1.311,1.867,-0.58,-0.092,0.171,11518,2021-05-15 01:53:40:926
2.028,2.875,7.386,2.191,2.284,9.282,0.866,0.826,-0.368,0.759,0.239,-0.13,12018,2021-05-15 01:53:41:426
3.735,2.133,10.654,2.586,1.216,9.381,1.546,0.498,0.918,-0.885,-0.031,0.246,12518,2021-05-15 01:53:41:926
2.533,0.266,9.871,2.6,0.82,9.42,1.927,-0.598,1.537,0.537,-0.039,-0.204,13019,2021-05-15 01:53:42:427
0.953,2.447,4.355,2.223,2.951,9.084,-0.959,-1.296,-3.163,-0.794,0.031,0.224,13520,2021-05-15 01:53:42:928
3.802,0.026,12.977,2.475,0.272,9.485,1.313,-0.286,3.496,0.047,-0.049,-0.02,14018,2021-05-15 01:53:43:426
1.453,2.919,7.623,2.082,3.023,9.094,-0.619,0.949,-2.045,0.546,-0.372,-0.101,14519,2021-05-15 01:53:43:927
4.135,0.414,11.408,2.447,1.614,9.358,0.888,-1.375,2.275,-0.945,0.232,0.279,15019,2021-05-15 01:53:44:427
3.369,-0.934,8.428,2.349,1.704,9.367,0.213,0.869,1.335,0.641,0.247,-0.267,15518,2021-05-15 01:53:44:926
2.528,1.166,6.325,2.144,2.833,9.14,0.367,-1.463,-2.872,-0.641,0.003,0.237,16018,2021-05-15 01:53:45:426
4.228,-0.103,11.849,2.691,0.295,9.426,1.011,-0.102,2.826,0.107,-0.067,-0.06,16518,2021-05-15 01:53:45:926
-0.316,2.073,5.104,1.986,2.997,9.124,-2.23,-2.427,-6.118,0.271,-0.075,-0.068,17018,2021-05-15 01:53:46:426
3.314,0.283,12.04,2.802,0.426,9.388,1.547,-0.618,2.518,-0.535,0.082,0.186,17518,2021-05-15 01:53:46:926
1.776,0.141,8.198,1.7,1.638,9.518,0.643,0.061,-0.733,0.532,-0.211,0.041,18018,2021-05-15 01:53:47:426
1.075,3.227,8.456,2.05,2.103,9.357,-0.794,-0.366,-2.752,-0.946,-0.296,0.25,18518,2021-05-15 01:53:47:926
3.053,0.591,11.456,2.469,0.302,9.486,0.56,0.174,1.981,0.358,-0.084,-0.076,19018,2021-05-15 01:53:48:426
0.354,3.663,3.807,2.91,3.296,8.766,-0.661,0.385,-3.633,-0.051,0.035,-0.025,19519,2021-05-15 01:53:48:927
4.614,0.144,12.165,2.67,1.106,9.371,1.062,-0.819,2.261,-0.485,-0.052,0.161,20019,2021-05-15 01:53:49:427
-0.323,3.855,10.965,2.417,1.799,9.332,-2.756,1.902,1.668,0.746,0.156,-0.167,20518,2021-05-15 01:53:49:926
2.294,2.124,7.487,2.503,2.137,9.238,-0.65,-0.513,0.553,-0.976,0.088,0.255,21018,2021-05-15 01:53:50:426
2.246,0.936,10.918,2.602,0.791,9.422,-0.323,0.698,0.117,0.454,0.605,-0.117,21518,2021-05-15 01:53:50:926
-0.311,2.387,4.061,2.127,2.801,9.154,-2.015,-0.835,-5.232,-0.249,-0.08,0.078,22018,2021-05-15 01:53:51:426
4.633,-0.417,12.993,2.881,0.103,9.373,1.747,-0.546,3.622,0.13,0.011,-0.044,22518,2021-05-15 01:53:51:926
1.226,1.978,6.862,1.919,2.557,9.271,0.588,0.198,0.892,0.712,0.16,-0.257,23018,2021-05-15 01:53:52:426
3.369,1.279,12.589,2.457,1.189,9.419,1.019,-0.392,2.011,-0.758,-0.155,0.264,23518,2021-05-15 01:53:52:926
1.587,-0.84,9.414,2.003,1.105,9.536,-0.638,-1.713,-0.097,0.581,0.347,-0.181,24018,2021-05-15 01:53:53:426
0.077,2.873,5.035,1.883,2.858,9.19,0.02,-0.708,-6.232,-0.334,-0.024,0.053,24518,2021-05-15 01:53:53:926
4.19,-1.657,10.942,2.677,0.361,9.427,-0.331,-1.259,2.791,0.277,0.162,-0.128,25018,2021-05-15 01:53:54:426
0.919,2.169,8.124,1.467,2.435,9.385,-0.165,-0.067,-2.91,0.613,0.146,-0.002,25519,2021-05-15 01:53:54:927
2.653,0.409,12.692,2.58,0.62,9.441,-0.525,-0.004,2.872,-0.56,-0.166,0.062,26019,2021-05-15 01:53:55:427
2.471,0.982,10.101,2.176,1.528,9.439,0.561,-0.664,0.624,0.556,0.722,-0.084,26519,2021-05-15 01:53:55:927
2.794,3.249,7.807,2.249,2.791,9.128,-0.196,-1.564,-3.823,-0.668,0.026,0.199,27018,2021-05-15 01:53:56:426
3.182,-1.733,12.301,2.476,0.688,9.464,-0.682,-0.29,4.556,0.269,0.308,-0.096,27518,2021-05-15 01:53:56:926
2.804,0.565,4.233,1.861,3.298,9.046,0.942,-2.733,-4.813,0.68,-0.37,-0.175,28018,2021-05-15 01:53:57:426
2.995,0.709,10.719,2.336,1.157,9.454,0.659,-0.448,1.265,-0.442,-0.042,0.097,28518,2021-05-15 01:53:57:926
3.031,-0.759,7.266,1.739,1.989,9.444,-1.182,0.33,1.89,0.798,0.813,-0.276,29018,2021-05-15 01:53:58:426
0.685,2.806,6.503,1.862,3.173,9.09,-1.371,0.9,-2.345,-0.471,-0.025,0.28,29519,2021-05-15 01:53:58:927
3.898,0.278,10.772,3.138,0.663,9.267,0.786,-0.332,1.492,0.129,-0.097,-0.126,30019,2021-05-15 01:53:59:427
1.76,6.17,11.181,1.799,2.95,9.178,-0.059,3.475,1.929,0.828,0.022,-0.266,30518,2021-05-15 01:53:59:926
3.144,1.235,9.361,2.517,1.598,9.342,-0.004,-1.787,1.249,-0.609,0.089,0.225,31018,2021-05-15 01:54:00:426
2.406,-0.393,8.94,2.426,1.533,9.378,-0.117,-0.521,0.261,0.487,0.451,-0.133,31518,2021-05-15 01:54:00:926
2.011,3.079,3.524,2.566,3.697,8.713,-1.053,0.098,-2.675,-0.215,-0.351,0.066,32018,2021-05-15 01:54:01:426
4.166,0.675,13.657,2.779,0.863,9.365,2.971,-1.076,2.432,-0.104,-0.009,0.016,32519,2021-05-15 01:54:01:927
1.446,5.224,11.234,1.219,2.814,9.315,0.042,-1.824,-1.342,0.551,0.237,0.016,33019,2021-05-15 01:54:02:427
1.14,0.898,10.985,1.961,2.344,9.318,1.4,0.021,2.182,-0.684,0.222,0.178,33519,2021-05-15 01:54:02:927
1.18,-0.795,8.981,1.288,0.434,9.712,1.08,-0.332,0.054,0.021,0.735,-0.023,34018,2021-05-15 01:54:03:426
-3.112,6.852,3.199,-2.157,4.601,8.387,0.872,2.263,0.001,2.153,0.907,-0.125,34518,2021-05-15 01:54:03:926
0.666,8.811,-0.129,-0.761,9.553,-2.082,-3.136,4.682,-5.075,-0.16,-0.321,0.386,35020,2021-05-15 01:54:04:428
-0.335,9.033,-4.228,-0.757,9.471,-2.43,-0.931,-0.552,-0.481,0.228,-0.61,-0.111,35518,2021-05-15 01:54:04:926
-0.132,8.351,-5.176,-0.97,9.201,-3.251,-0.239,0.479,1.553,-0.043,-0.26,0.183,36019,2021-05-15 01:54:05:427
-0.34,8.794,-4.077,-0.271,9.304,-3.087,-0.068,-0.51,-0.99,0.133,0.097,0.177,36518,2021-05-15 01:54:05:926
-0.453,8.976,-3.972,-0.148,9.062,-3.746,-0.165,-0.072,-0.051,0.009,-0.068,-0.099,37018,2021-05-15 01:54:06:426
-0.675,9.682,-2.744,-0.554,9.31,-3.03,0.098,0.493,1.156,-0.268,0.281,-0.036,37518,2021-05-15 01:54:06:926
-1.159,9.505,-2.586,-0.739,9.512,-2.268,-0.567,-0.348,-0.468,0.146,0.047,0.043,38019,2021-05-15 01:54:07:427
-1.006,10.434,-2.38,0.667,9.343,-2.905,1.022,2.467,-2.696,-1.111,0.245,-0.302,38519,2021-05-15 01:54:07:927
0.354,8.837,1.044,1.478,9.598,1.368,0.045,0.674,-0.97,-0.686,-0.654,0.4,39018,2021-05-15 01:54:08:426
1.319,7.633,-3.754,0.077,8.659,-4.603,1.292,-0.946,0.549,1.019,-0.173,-0.533,39519,2021-05-15 01:54:08:927
-0.57,10.01,0.673,0.196,9.748,-1.055,-0.8,-0.633,1.742,-1.145,0.699,0.049,40019,2021-05-15 01:54:09:427
1.973,10.388,1.185,0.528,9.767,0.711,-0.358,-0.015,1.492,0.483,-0.967,-0.078,40518,2021-05-15 01:54:09:926
-0.426,8.751,0.414,0.857,9.761,0.397,-0.764,-2.151,2.642,0.166,-0.078,-0.15,41018,2021-05-15 01:54:10:426
2.047,14.006,-3.074,0.007,9.783,-0.678,4.249,0.567,-4.549,0.615,-1.264,-1.48,41518,2021-05-15 01:54:10:926
-1.559,4.908,8.569,0.878,6.233,7.52,-1.301,-2.446,2.433,-1.294,-0.608,0.759,42018,2021-05-15 01:54:11:426
1.075,2.48,9.175,1.153,2.813,9.324,0.096,-1.16,1.648,0.449,0.691,0.558,42518,2021-05-15 01:54:11:926
-1.322,2.863,7.53,0.235,2.033,9.591,-1.614,0.558,-1.998,-1.007,0.214,0.37,43018,2021-05-15 01:54:12:426
-0.769,1.844,10.29,-0.301,2.169,9.559,-0.326,-0.135,-1.923,0.981,0.564,-0.18,43518,2021-05-15 01:54:12:926
-1.348,1.52,9.629,-1.056,2.17,9.505,-0.084,-0.625,-1.258,0.033,0.307,-0.001,44019,2021-05-15 01:54:13:427
-0.007,1.111,9.826,-0.179,1.479,9.693,0.099,0.064,-0.365,-0.073,-0.029,0.071,44518,2021-05-15 01:54:13:926
-0.28,2.102,9.716,0.201,2.354,9.518,-0.222,-0.261,0.358,0.44,-0.337,0.113,45018,2021-05-15 01:54:14:426
0.354,3.273,9.294,0.18,3.128,9.293,0.15,0.19,0.246,0.176,0.064,-0.002,45518,2021-05-15 01:54:14:926
-0.151,3.077,9.153,-0.124,3.181,9.276,-0.094,-0.319,-0.027,0.046,-0.26,-0.049,46018,2021-05-15 01:54:15:426
1.393,4.199,7.302,1.459,3.714,8.958,0,-0.051,0.485,-0.122,-0.538,-0.151,46518,2021-05-15 01:54:15:926
0.247,1.147,8.985,-0.585,1.79,9.624,0.831,-0.643,-0.639,-0.951,0.147,0.1,27,2021-05-16 23:05:04:957
1.707,0.809,9.268,1.248,0.613,9.708,0.459,0.197,-0.44,-0.026,-0.067,-0.384,527,2021-05-16 23:05:05:457
2.006,1.188,9.867,0.278,1.903,9.616,1.728,-0.715,0.25,0.015,-0.341,-0.874,1027,2021-05-16 23:05:05:957
-5.325,-1.681,7.587,-1.872,-0.024,9.626,-3.453,-1.657,-2.039,-1.644,1.762,0.171,1527,2021-05-16 23:05:06:457
-4.887,3.867,7.084,-4.48,5.958,6.372,1.933,-2.321,1.043,3.754,-2.545,-1.18,2027,2021-05-16 23:05:06:957
-12.701,6.055,-4.786,-9.74,0.823,0.796,6.325,1.49,3.719,-1.491,-0.516,3.402,2527,2021-05-16 23:05:07:457
-1.492,2.009,-6.749,-6.659,7.199,-0.059,-0.621,-1.97,0.425,1.728,-1.624,5.114,3027,2021-05-16 23:05:07:957
-3.314,9.615,-1.137,-4.022,8.854,-1.261,0.218,0.368,0.004,-0.076,-0.089,-0.463,3527,2021-05-16 23:05:08:457
-3.199,9.562,0.453,-2.978,9.34,-0.274,2.154,-0.064,-0.047,0.056,0.454,0.427,4027,2021-05-16 23:05:08:957
1.233,10.405,1.085,0.709,9.743,0.864,-0.089,-1.854,0.251,-1.458,-1.237,2.286,4528,2021-05-16 23:05:09:458
6.711,1.99,4.235,8.134,3.724,4.018,-2.558,0.03,-0.062,-0.322,-0.128,0.599,5027,2021-05-16 23:05:09:957
8.511,-0.527,-0.108,8.918,2.992,2.772,1.09,2.39,0.034,-0.323,-0.421,-0.125,5527,2021-05-16 23:05:10:457
10.779,4.3,7.309,8.556,3.024,3.716,2.222,1.276,3.593,0.075,0.52,0.234,6027,2021-05-16 23:05:10:957
10.779,4.3,7.309,8.556,3.024,3.716,2.222,1.276,3.593,0.075,0.52,0.234,6027,2021-05-16 23:05:10:957
10.779,4.3,7.309,8.556,3.024,3.716,2.222,1.276,3.593,0.075,0.52,0.234,6028,2021-05-16 23:05:10:958
7.731,1.211,6.381,7.979,2.446,5.15,-0.248,-1.234,1.231,-0.401,-0.162,-0.216,6341,2021-05-16 23:05:11:271
5.545,2.136,2.6,8.487,1.795,4.574,-2.942,0.341,-1.974,-0.26,0.213,0.595,6842,2021-05-16 23:05:11:772
10.635,-3.256,6.596,8.229,-1.582,5.093,2.406,-1.674,1.503,-0.049,-0.012,0.028,7341,2021-05-16 23:05:12:271
6.122,-0.948,1.796,8.847,0.444,4.208,-2.725,-1.392,-2.412,-0.015,0.224,-0.02,7842,2021-05-16 23:05:12:772
10.999,-2.27,7.022,8.79,-1.277,4.157,2.209,-0.993,2.865,-0.173,-0.087,0.652,8341,2021-05-16 23:05:13:271
9.282,-0.622,5.669,8.813,-0.379,4.285,0.47,-0.243,1.384,0.217,0.103,-0.563,8842,2021-05-16 23:05:13:772
8.691,-2.069,4.288,8.87,0.505,4.153,-0.179,-2.574,0.135,-0.214,-0.447,0.192,9341,2021-05-16 23:05:14:271
10.247,-2.181,5.313,8.669,-1.41,4.362,1.578,-0.771,0.95,0.078,0.178,-0.141,9841,2021-05-16 23:05:14:771
7.542,0.898,3.745,8.751,0.482,4.4,-1.209,0.416,-0.656,0.334,0.132,-0.338,10342,2021-05-16 23:05:15:272
11.741,-1.935,6.366,8.67,-0.587,4.544,3.071,-1.347,1.822,-0.062,0.131,0.502,10841,2021-05-16 23:05:15:771
9.838,-1.662,5.626,8.586,-1.287,4.561,1.252,-0.375,1.066,0.206,0.043,-0.365,11341,2021-05-16 23:05:16:271
10.697,-1.039,5.488,8.606,0.4,4.685,1.097,-2.26,1.421,0.164,0.2,-0.384,11842,2021-05-16 23:05:16:772
9.28,0.378,5.42,8.513,0.821,4.798,-0.796,-1.701,0.225,0.398,0.021,-0.533,12097,2021-05-16 23:05:17:027
8.739,-0.424,5.746,8.672,-0.402,4.562,1.992,-0.73,0.28,-0.453,-0.544,0.577,12597,2021-05-16 23:05:17:527
7.551,-3.28,5.657,8.577,-0.592,4.718,1.987,1.099,1.425,0.286,0.58,-0.336,13097,2021-05-16 23:05:18:027
6.783,0.958,3.424,8.5,0.582,4.857,-2.03,0.607,-2.481,-0.26,-0.33,0.291,13597,2021-05-16 23:05:18:527
11.188,-2.083,4.061,8.534,-1.638,4.546,4.14,0.841,-0.198,0.195,0.068,-0.305,14097,2021-05-16 23:05:19:027
6.711,0.56,4.937,8.441,0.566,4.96,-2.713,-0.028,-1.906,0.54,0.436,-0.211,14598,2021-05-16 23:05:19:528
7.956,-2.444,5.519,7.925,-0.916,5.703,2.533,-0.518,0.088,-0.33,0.186,0.46,15097,2021-05-16 23:05:20:027
9.404,-1.539,5.703,8.093,-1.087,5.43,0.698,0.276,0.394,0.278,-0.03,-0.401,15597,2021-05-16 23:05:20:527
8.308,-0.929,7.25,8.366,-0.251,5.11,-1.492,1.292,-3.299,-1.042,0.386,0.532,16097,2021-05-16 23:05:21:027
8.641,-1.683,7.104,8.129,-1.357,5.315,2.655,0.025,1.595,0.066,0.073,-0.407,16597,2021-05-16 23:05:21:527
4.185,1.099,2.844,8.154,0.687,5.405,-3.15,-0.62,-2.702,0.194,-0.075,-0.034,17098,2021-05-16 23:05:22:028
10.939,-2.157,5.325,8.138,-1.743,5.187,2.933,-0.933,2.954,-0.437,-1.012,0.009,17597,2021-05-16 23:05:22:527
8.073,-0.158,5.229,8.105,0.234,5.516,-1.376,0.196,-1.72,0.245,0.009,-0.5,18097,2021-05-16 23:05:23:027
10.527,-0.63,5.337,8.223,-0.989,5.252,2.566,-1.23,2.048,-0.316,0.314,0.503,18597,2021-05-16 23:05:23:527
8.2,-1.484,5.665,8.252,-0.743,5.247,-0.109,0.08,-0.887,0.362,0.56,-0.365,19097,2021-05-16 23:05:24:027
11.894,-1.539,5.966,8.299,-0.098,5.224,-0.477,-0.655,-1.133,-0.411,-0.068,0.348,19597,2021-05-16 23:05:24:527
7.558,-1.085,5.574,8.229,-1.059,5.228,0.725,-1.56,2.052,0.009,-0.191,-0.298,20097,2021-05-16 23:05:25:027
4.082,0.124,2.983,8.069,0.783,5.517,-2.406,-1.297,-2.259,-0.404,0.2,0.59,20597,2021-05-16 23:05:25:527
11.26,-2.296,8.341,8.179,-1.148,5.287,1.665,-2.132,0.693,0.005,-0.002,-0.178,21097,2021-05-16 23:05:26:027
2.868,0.836,3.8,8.313,0.893,5.125,-4.927,1.409,-3.956,-0.151,0.93,0.673,21597,2021-05-16 23:05:26:527
10.467,-4.135,7.238,7.93,-1.687,5.517,3.343,-1.271,2.055,0.021,0.331,0.196,22098,2021-05-16 23:05:27:028
4.707,0.488,3.814,8.049,0.841,5.538,-1.151,0.534,-1.543,0.09,-0.306,-0.384,22597,2021-05-16 23:05:27:527
10.903,-0.366,5.763,8.166,-1.476,5.226,3.087,-1.746,1.695,-0.627,-0.499,0.46,23097,2021-05-16 23:05:28:027
9.143,-0.338,6.855,7.988,-0.299,5.681,0.404,0.934,0.127,0.584,-0.159,-0.497,23597,2021-05-16 23:05:28:527
11.607,-0.407,4.293,8.46,-0.411,4.942,3.147,0.004,-0.649,-0.685,-0.524,0.646,24262,2021-05-16 23:05:29:192
11.607,-0.407,4.293,8.46,-0.411,4.942,3.147,0.004,-0.649,-0.685,-0.524,0.646,24263,2021-05-16 23:05:29:193
7.879,-1.492,6.812,8.02,-0.651,5.606,0.209,-0.058,1.096,0.453,-0.152,-0.536,24708,2021-05-16 23:05:29:638
9.524,0.074,2.43,8.354,-0.095,5.135,-1.661,-2.079,0.176,-0.431,-0.958,0.648,25207,2021-05-16 23:05:30:137
10.872,-0.73,5.59,8.367,-1.299,4.946,2.071,0.615,1.062,0.498,0.21,-0.575,25708,2021-05-16 23:05:30:638
3.057,0.4,2.806,7.843,1.007,5.8,-2.911,-0.394,-1.129,-0.277,0.432,0.208,26207,2021-05-16 23:05:31:137
10.836,-1.834,6.948,8.15,-1.665,5.194,3.062,-1.342,2.706,-0.273,-0.214,0.221,26708,2021-05-16 23:05:31:638
5.971,1.741,7.233,7.958,0.381,5.719,-0.964,0.321,-1.685,0.449,-0.676,-0.398,27207,2021-05-16 23:05:32:137
10.815,-2.198,8.471,7.843,-0.942,5.811,2.067,0.3,0.311,-0.382,0.476,0.736,27707,2021-05-16 23:05:32:637
8.713,-0.213,4.767,7.86,-0.499,5.844,-0.957,-2.199,-1.229,0.335,0.475,-0.375,28208,2021-05-16 23:05:33:138
11.349,-1.865,6.12,8.178,-0.854,5.344,1.636,-0.948,-1.606,-0.104,-0.371,0.772,28707,2021-05-16 23:05:33:637
8.31,-0.124,6.783,7.942,-0.403,5.739,-0.089,-0.552,-0.304,0.39,0.497,-0.555,29208,2021-05-16 23:05:34:138
7.681,-1.19,5.476,7.699,0.551,6.05,-0.018,-1.74,-0.574,-0.443,0.197,0.323,29707,2021-05-16 23:05:34:637
8.545,-1.475,7.523,8.017,-0.691,5.606,0.528,-0.783,1.917,0.259,-0.128,-0.504,30208,2021-05-16 23:05:35:138
6.187,0.651,3.031,8.139,0.697,5.426,-1.952,-0.046,-2.395,-0.295,-0.16,0.637,30708,2021-05-16 23:05:35:638
12.457,-2.116,2.806,8.381,-1.144,4.962,4.076,-0.972,-2.156,0.445,0.45,-0.356,31208,2021-05-16 23:05:36:138
9.12,5.55,4.908,5.756,5.153,6.04,3.364,0.397,-1.132,3.304,0.322,-2.079,31708,2021-05-16 23:05:36:638
2.258,7.02,-4.527,2.375,8.944,-3.245,-0.118,-1.924,-1.282,0.009,0.223,0.355,32207,2021-05-16 23:05:37:137
1.432,9.366,-3.369,2.985,8.842,-3.014,-1.553,0.524,-0.355,-0.323,0.403,0.056,32708,2021-05-16 23:05:37:638
4.271,9.062,-1.329,3.807,8.807,-2.029,0.49,0.474,1.118,0.021,-0.101,0.036,33207,2021-05-16 23:05:38:137
4.271,9.062,-1.329,3.807,8.807,-2.029,0.49,0.474,1.118,0.021,-0.101,0.036,33208,2021-05-16 23:05:38:138
4.271,9.062,-1.329,3.807,8.807,-2.029,0.49,0.474,1.118,0.021,-0.101,0.036,33208,2021-05-16 23:05:38:138
4.161,8.811,-1.252,4.142,8.754,-1.545,0.678,-0.191,-0.283,0.162,0.085,0.075,33446,2021-05-16 23:05:38:376
5.016,8.641,-0.292,4.739,8.551,-0.762,0.56,-0.026,0.853,-0.101,0.039,0.068,33946,2021-05-16 23:05:38:876
4.944,8.562,-0.699,4.844,8.503,-0.639,-0.126,-0.001,0.317,-0.024,-0.044,-0.027,34446,2021-05-16 23:05:39:376
4.82,8.803,-0.769,4.75,8.553,-0.677,0.065,0.034,-0.023,-0.017,-0.027,-0.012,34946,2021-05-16 23:05:39:876
-2.303,5.365,-4.393,-0.611,9.515,-2.293,-1.692,-4.15,-2.1,0.162,-0.698,-0.943,35446,2021-05-16 23:05:40:376
-2.303,5.365,-4.393,-0.611,9.515,-2.293,-1.692,-4.15,-2.1,0.162,-0.698,-0.943,35447,2021-05-16 23:05:40:377
-2.303,5.365,-4.393,-0.611,9.515,-2.293,-1.692,-4.15,-2.1,0.162,-0.698,-0.943,35447,2021-05-16 23:05:40:377
-2.303,5.365,-4.393,-0.611,9.515,-2.293,-1.692,-4.15,-2.1,0.162,-0.698,-0.943,35447,2021-05-16 23:05:40:377
-2.303,5.365,-4.393,-0.611,9.515,-2.293,-1.692,-4.15,-2.1,0.162,-0.698,-0.943,35447,2021-05-16 23:05:40:377
-2.303,5.365,-4.393,-0.611,9.515,-2.293,-1.692,-4.15,-2.1,0.162,-0.698,-0.943,35448,2021-05-16 23:05:40:378
-5.722,8.428,-1.42,-2.395,9.163,-2.546,-3.327,-0.735,1.126,-0.034,0.377,0.454,35748,2021-05-16 23:05:40:678
-7.999,11.679,-2.315,-4.502,8.563,-1.606,-3.497,3.116,-0.709,-0.943,-0.75,-1.479,36248,2021-05-16 23:05:41:178
-4.812,0.019,4.757,-5.96,4.676,6.228,-1.367,-2.512,-1.719,0.129,-3.277,-0.029,36748,2021-05-16 23:05:41:678
-1.705,-0.905,10.285,-1.623,2.294,9.395,-0.965,-3.007,-0.959,0.287,-1.981,3.206,37248,2021-05-16 23:05:42:178
5.258,0.596,9.05,1.316,0.677,9.694,3.941,-0.081,-0.644,-0.604,1.004,1.107,37749,2021-05-16 23:05:42:679
0.816,1.597,9.208,-0.173,0.874,9.766,0.989,0.723,-0.558,0.196,0.56,0.291,38248,2021-05-16 23:05:43:178
-2.231,0.998,8.516,-1.628,1.219,9.593,-0.603,-0.221,-1.077,0.084,0.07,0.255,38748,2021-05-16 23:05:43:678
-2.65,1.322,9.072,-1.885,1.16,9.554,-0.766,0.161,-0.482,0.115,-0.653,-0.281,39248,2021-05-16 23:05:44:178
-1.578,1.188,9.017,-1.919,1.236,9.537,-0.222,0.037,0.587,0.229,0.105,0.078,39748,2021-05-16 23:05:44:678
-3.46,3.338,8.916,-3.107,2.451,8.973,0.146,0.192,0.273,-0.188,-0.151,-0.205,40248,2021-05-16 23:05:45:178
